{
  "openapi": "3.0.0",
  "info": {
    "title": "CodeSmart Pro API",
    "version": "1.0.0",
    "description": "API for accessing medical coding data including CPT, ICD-10, RVU, and modifiers."
  },
  "paths": {
    "/api/codes/{code}": {
      "get": {
        "summary": "Get medical code information",
        "parameters": [
          {
            "name": "code",
            "in": "path",
            "required": true,
            "schema": {
              "type": "string"
            }
          }
        ],
        "responses": {
          "200": {
            "description": "Successful response with code data"
          },
          "404": {
            "description": "Code not found"
          }
        }
      }
    },
    "/api/search": {
      "get": {
        "summary": "Search codes by keyword",
        "parameters": [
          {
            "name": "term",
            "in": "query",
            "required": true,
            "schema": {
              "type": "string"
            }
          }
        ],
        "responses": {
          "200": {
            "description": "List of matching codes"
          }
        }
      }
    },
    "/api/rvu": {
      "get": {
        "summary": "Get RVU value for a CPT code",
        "parameters": [
          {
            "name": "code",
            "in": "query",
            "required": true,
            "schema": {
              "type": "string"
            }
          },
          {
            "name": "location",
            "in": "query",
            "required": false,
            "schema": {
              "type": "string"
            }
          }
        ],
        "responses": {
          "200": {
            "description": "RVU data"
          },
          "400": {
            "description": "Invalid request"
          }
        }
      }
    },
    "/auth/token": {
      "post": {
        "summary": "User login and token retrieval",
        "requestBody": {
          "required": true,
          "content": {
            "application/json": {
              "schema": {
                "type": "object",
                "properties": {
                  "username": {
                    "type": "string"
                  },
                  "password": {
                    "type": "string"
                  }
                },
                "required": [
                  "username",
                  "password"
                ]
              }
            }
          }
        },
        "responses": {
          "200": {
            "description": "Authentication token"
          },
          "401": {
            "description": "Unauthorized"
          }
        }
      }
    }
  }
}